EVENT,station,PHASE,timestamp,WEIGHT
0,VOJS,P,2023-06-01T07:39:12.940000Z,0
0,CADS,P,2023-06-01T07:39:16.760000Z,0
2,CAE,P,2023-06-01T09:27:58.710000Z,0
2,POLC,P,2023-06-01T09:27:59.230000Z,0
2,CAE,S,2023-06-01T09:27:59.360000Z,2
2,POLC,S,2023-06-01T09:28:00.770000Z,2
2,MLN,P,2023-06-01T09:28:02.560000Z,2
2,MLN,S,2023-06-01T09:29:03.500000Z,2
3,MLN,P,2023-06-01T09:53:31.780000Z,2
3,POLC,P,2023-06-01T09:53:32.040000Z,2
3,CIMO,P,2023-06-01T09:53:32.090000Z,2
3,CAE,P,2023-06-01T09:53:32.530000Z,2
3,MLN,S,2023-06-01T09:53:34.290000Z,2
3,CIMO,S,2023-06-01T09:53:35.530000Z,2
3,POLC,S,2023-06-01T09:53:35.700000Z,2
3,CAE,S,2023-06-01T09:53:36.360000Z,3
4,PANI,P,2023-06-01T10:02:08.430000Z,0
4,GAGG,P,2023-06-01T10:02:08.840000Z,0
4,LUSI,P,2023-06-01T10:02:10.410000Z,0
4,DOSS,P,2023-06-01T10:02:10.620000Z,0
4,OZOL,P,2023-06-01T10:02:11.290000Z,1
4,ZIAN,P,2023-06-01T10:02:11.410000Z,0
4,KOSI,P,2023-06-01T10:02:12.460000Z,0
4,VARA,P,2023-06-01T10:02:12.860000Z,3
4,CARE,P,2023-06-01T10:02:14.090000Z,0
5,PANI,P,2023-06-01T14:59:49.270000Z,0
5,GAGG,P,2023-06-01T14:59:49.830000Z,0
5,LUSI,P,2023-06-01T14:59:51.320000Z,0
5,DOSS,P,2023-06-01T14:59:51.480000Z,0
5,ZIAN,P,2023-06-01T14:59:52.320000Z,0
5,CTI,P,2023-06-01T14:59:52.970000Z,2
5,KOSI,P,2023-06-01T14:59:53.490000Z,0
5,CARE,P,2023-06-01T14:59:55.110000Z,0
6,PRED,P,2023-06-01T19:08:22.900000Z,0
6,ACOM,P,2023-06-01T19:08:23.040000Z,2
6,PTCC,P,2023-06-01T19:08:23.820000Z,0
6,PRED,S,2023-06-01T19:08:24.060000Z,1
6,ACOM,S,2023-06-01T19:08:24.670000Z,2
6,PTCC,S,2023-06-01T19:08:25.850000Z,0
6,ROBS,P,2023-06-01T19:08:25.870000Z,1
6,ROBS,S,2023-06-01T19:08:29.520000Z,2
7,CAE,P,2023-06-01T21:41:16.740000Z,0
7,POLC,P,2023-06-01T21:41:17.370000Z,0
7,VARN,P,2023-06-01T21:41:17.490000Z,0
7,CIMO,P,2023-06-01T21:41:18.550000Z,2
7,CAE,S,2023-06-01T21:41:19.090000Z,0
7,POLC,S,2023-06-01T21:41:20.320000Z,2
7,VARN,S,2023-06-01T21:41:20.450000Z,2
7,CIMO,S,2023-06-01T21:41:22.260000Z,3
8,GORS,P,2023-06-01T23:54:24.350000Z,0
8,VOJS,P,2023-06-01T23:54:27.270000Z,2
8,CADS,P,2023-06-01T23:54:27.650000Z,2
8,VOJS,S,2023-06-01T23:54:34.420000Z,2
9,LUSI,P,2023-06-02T02:18:27.140000Z,0
9,VARA,P,2023-06-02T02:18:27.430000Z,0
9,GAGG,P,2023-06-02T02:18:28.800000Z,0
9,MAGA,P,2023-06-02T02:18:28.880000Z,3
9,LUSI,S,2023-06-02T02:18:28.970000Z,1
9,BALD,P,2023-06-02T02:18:29.010000Z,2
9,DOSS,P,2023-06-02T02:18:29.010000Z,0
9,RONC,P,2023-06-02T02:18:29.060000Z,2
9,VARA,S,2023-06-02T02:18:29.510000Z,1
9,MABI,P,2023-06-02T02:18:30.400000Z,1
9,MARN,P,2023-06-02T02:18:31.290000Z,0
9,PANI,P,2023-06-02T02:18:31.310000Z,2
9,GAGG,S,2023-06-02T02:18:31.830000Z,2
9,DOSS,S,2023-06-02T02:18:32.080000Z,2
9,RONC,S,2023-06-02T02:18:32.300000Z,2
9,MAGA,S,2023-06-02T02:18:32.910000Z,2
9,BALD,S,2023-06-02T02:18:33.050000Z,2
9,MABI,S,2023-06-02T02:18:35.240000Z,2
9,MARN,S,2023-06-02T02:18:36.160000Z,2
9,PANI,S,2023-06-02T02:18:36.160000Z,2
10,SABO,P,2023-06-02T08:50:39.260000Z,2
10,VOJS,P,2023-06-02T08:50:42.590000Z,2
10,DRE,P,2023-06-02T08:50:42.740000Z,2
10,CADS,P,2023-06-02T08:50:44.010000Z,2
10,TRI,P,2023-06-02T08:50:44.010000Z,0
10,ROBS,P,2023-06-02T08:50:44.750000Z,2
10,BAD,P,2023-06-02T08:50:46.420000Z,2
10,GORS,P,2023-06-02T08:50:47.110000Z,2
11,VOJS,P,2023-06-02T09:06:50.380000Z,0
11,CADS,P,2023-06-02T09:06:53.900000Z,0
11,DRE,P,2023-06-02T09:06:54.510000Z,1
12,FUSE,P,2023-06-03T00:31:37.650000Z,0
12,BOO,P,2023-06-03T00:31:38.090000Z,0
12,CLUD,P,2023-06-03T00:31:38.750000Z,2
12,FUSE,S,2023-06-03T00:31:39.190000Z,2
12,PLRO,P,2023-06-03T00:31:39.730000Z,2
12,BOO,S,2023-06-03T00:31:39.990000Z,0
12,PURA,P,2023-06-03T00:31:40.030000Z,2
12,BAD,P,2023-06-03T00:31:40.050000Z,2
12,CLUD,S,2023-06-03T00:31:41.130000Z,2
12,PLRO,S,2023-06-03T00:31:42.710000Z,2
12,PURA,S,2023-06-03T00:31:43.430000Z,2
12,BAD,S,2023-06-03T00:31:43.560000Z,1
13,MAGA,P,2023-06-03T05:18:33.460000Z,0
13,BALD,P,2023-06-03T05:18:33.900000Z,0
13,MAGA,S,2023-06-03T05:18:35.770000Z,1
13,VARA,P,2023-06-03T05:18:36.010000Z,2
13,BALD,S,2023-06-03T05:18:36.390000Z,2
13,RONC,P,2023-06-03T05:18:37.320000Z,2
13,LUSI,P,2023-06-03T05:18:38.120000Z,1
13,MABI,P,2023-06-03T05:18:38.420000Z,3
13,MARN,P,2023-06-03T05:18:38.730000Z,2
13,DOSS,P,2023-06-03T05:18:39.310000Z,3
13,VARA,S,2023-06-03T05:18:39.980000Z,2
13,RONC,S,2023-06-03T05:18:42.070000Z,2
13,LUSI,S,2023-06-03T05:18:43.710000Z,2
13,MABI,S,2023-06-03T05:18:44.330000Z,3
13,MARN,S,2023-06-03T05:18:45.090000Z,3
14,CADS,P,2023-06-03T08:29:28.210000Z,2
14,CADS,S,2023-06-03T08:29:29.590000Z,2
14,GORS,P,2023-06-03T08:29:29.880000Z,2
14,DRE,P,2023-06-03T08:29:30.070000Z,2
14,ROBS,P,2023-06-03T08:29:31.380000Z,2
14,DRE,S,2023-06-03T08:29:32.100000Z,0
14,PRED,P,2023-06-03T08:29:32.220000Z,0
14,GORS,S,2023-06-03T08:29:32.760000Z,2
14,PTCC,P,2023-06-03T08:29:34.150000Z,2
14,ROBS,S,2023-06-03T08:29:34.630000Z,2
14,PRED,S,2023-06-03T08:29:36.470000Z,0
14,PTCC,S,2023-06-03T08:29:39.770000Z,0
15,MARN,P,2023-06-03T12:33:22.690000Z,0
15,DOSS,P,2023-06-03T12:33:22.910000Z,0
15,VARA,P,2023-06-03T12:33:23.350000Z,0
15,LUSI,P,2023-06-03T12:33:24.530000Z,2
15,MARN,S,2023-06-03T12:33:24.900000Z,2
15,DOSS,S,2023-06-03T12:33:25.210000Z,1
15,VARA,S,2023-06-03T12:33:25.980000Z,0
15,MAGA,P,2023-06-03T12:33:26.140000Z,2
15,PANI,P,2023-06-03T12:33:26.270000Z,2
15,GAGG,P,2023-06-03T12:33:26.480000Z,0
15,LUSI,S,2023-06-03T12:33:27.990000Z,2
15,PANI,S,2023-06-03T12:33:30.870000Z,4
15,MAGA,S,2023-06-03T12:33:31.130000Z,2
15,GAGG,S,2023-06-03T12:33:31.580000Z,3
16,BOO,P,2023-06-03T16:54:15.310000Z,2
16,FUSE,P,2023-06-03T16:54:15.390000Z,0
16,PTCC,P,2023-06-03T16:54:16.420000Z,0
16,PLRO,P,2023-06-03T16:54:16.640000Z,1
16,VINO,P,2023-06-03T16:54:16.660000Z,2
16,BAD,P,2023-06-03T16:54:16.760000Z,2
16,CLUD,P,2023-06-03T16:54:16.790000Z,2
16,BOO,S,2023-06-03T16:54:17.250000Z,2
16,FUSE,S,2023-06-03T16:54:17.630000Z,2
16,PTCC,S,2023-06-03T16:54:19.510000Z,2
16,PLRO,S,2023-06-03T16:54:19.540000Z,2
16,CLUD,S,2023-06-03T16:54:19.600000Z,2
16,VINO,S,2023-06-03T16:54:19.900000Z,2
16,BAD,S,2023-06-03T16:54:19.950000Z,2
17,SABO,P,2023-06-03T21:13:48.550000Z,0
17,DRE,P,2023-06-03T21:13:48.710000Z,0
17,CADS,P,2023-06-03T21:13:49.570000Z,0
17,VOJS,P,2023-06-03T21:13:49.620000Z,0
17,ROBS,P,2023-06-03T21:13:50.000000Z,2
17,SABO,S,2023-06-03T21:13:50.670000Z,2
17,DRE,S,2023-06-03T21:13:50.970000Z,2
17,GORS,P,2023-06-03T21:13:52.450000Z,1
17,VOJS,S,2023-06-03T21:13:52.500000Z,2
17,CADS,S,2023-06-03T21:13:52.690000Z,2
17,ROBS,S,2023-06-03T21:13:53.460000Z,2
18,CIMO,P,2023-06-03T21:45:30.990000Z,2
18,PURA,P,2023-06-03T21:45:31.800000Z,2
18,ABTA,P,2023-06-03T21:45:32.260000Z,2
18,FVI,P,2023-06-03T21:45:32.520000Z,2
18,STAL,P,2023-06-03T21:45:33.260000Z,3
18,CIMO,S,2023-06-03T21:45:34.180000Z,2
18,PURA,S,2023-06-03T21:45:35.660000Z,2
18,ABTA,S,2023-06-03T21:45:36.030000Z,2
18,FVI,S,2023-06-03T21:45:36.420000Z,2
18,STAL,S,2023-06-03T21:45:38.240000Z,2
19,ROBS,P,2023-06-04T00:03:04.690000Z,0
19,VINO,P,2023-06-04T00:03:05.270000Z,0
19,BAD,P,2023-06-04T00:03:05.450000Z,0
19,DRE,P,2023-06-04T00:03:05.560000Z,0
19,CADS,P,2023-06-04T00:03:06.450000Z,0
19,PRED,P,2023-06-04T00:03:07.220000Z,2
19,VOJS,P,2023-06-04T00:03:08.680000Z,2
19,ACOM,P,2023-06-04T00:03:09.150000Z,2
19,CADS,S,2023-06-04T00:03:10.030000Z,2
19,PRED,S,2023-06-04T00:03:11.610000Z,2
19,VOJS,S,2023-06-04T00:03:14.510000Z,0
19,ACOM,S,2023-06-04T00:03:14.520000Z,2
19,ROBS,S,2023-06-04T00:04:08.400000Z,2
19,VINO,S,2023-06-04T00:04:19.700000Z,1
19,BAD,S,2023-06-04T00:04:23.400000Z,2
19,DRE,S,2023-06-04T00:04:25.700000Z,0
20,SABO,P,2023-06-04T00:25:07.680000Z,0
20,TRI,P,2023-06-04T00:25:09.150000Z,3
20,DRE,P,2023-06-04T00:25:10.150000Z,0
20,ROBS,P,2023-06-04T00:25:10.620000Z,1
20,BAD,P,2023-06-04T00:25:10.760000Z,1
20,VOJS,P,2023-06-04T00:25:10.770000Z,1
20,DST2,P,2023-06-04T00:25:10.780000Z,2
20,SABO,S,2023-06-04T00:25:10.940000Z,2
20,VINO,P,2023-06-04T00:25:11.000000Z,2
20,CADS,P,2023-06-04T00:25:11.530000Z,1
20,GEPF,P,2023-06-04T00:25:11.940000Z,2
20,BOO,P,2023-06-04T00:25:12.770000Z,2
20,PTCC,P,2023-06-04T00:25:13.240000Z,2
20,TRI,S,2023-06-04T00:25:14.520000Z,3
20,GORS,P,2023-06-04T00:25:14.640000Z,2
20,DRE,S,2023-06-04T00:25:15.290000Z,2
20,ROBS,S,2023-06-04T00:25:16.290000Z,1
20,DST2,S,2023-06-04T00:25:16.320000Z,3
20,BAD,S,2023-06-04T00:25:16.420000Z,2
20,VOJS,S,2023-06-04T00:25:16.500000Z,2
20,VINO,S,2023-06-04T00:25:16.690000Z,2
20,CADS,S,2023-06-04T00:25:17.910000Z,2
20,GEPF,S,2023-06-04T00:25:18.560000Z,2
20,BOO,S,2023-06-04T00:25:20.210000Z,2
20,PTCC,S,2023-06-04T00:25:21.150000Z,3
20,GORS,S,2023-06-04T00:25:23.790000Z,3
21,MOSI,P,2023-06-04T02:28:46.420000Z,2
21,FETA,P,2023-06-04T02:28:48.440000Z,2
21,MOSI,S,2023-06-04T02:28:50.540000Z,2
21,FETA,S,2023-06-04T02:28:53.830000Z,2
22,PURA,P,2023-06-04T03:09:43.890000Z,0
22,STAL,P,2023-06-04T03:09:44.280000Z,0
22,CLUD,P,2023-06-04T03:09:44.740000Z,0
22,PURA,S,2023-06-04T03:09:45.380000Z,0
22,FUSE,P,2023-06-04T03:09:45.560000Z,2
22,STAL,S,2023-06-04T03:09:46.040000Z,1
22,BOO,P,2023-06-04T03:09:46.300000Z,2
22,CIMO,P,2023-06-04T03:09:46.690000Z,1
22,CLUD,S,2023-06-04T03:09:46.870000Z,0
22,MLN,P,2023-06-04T03:09:47.040000Z,2
22,FUSE,S,2023-06-04T03:09:48.180000Z,2
22,BOO,S,2023-06-04T03:09:49.960000Z,2
22,MLN,S,2023-06-04T03:09:50.090000Z,3
22,CIMO,S,2023-06-04T03:09:50.140000Z,3
23,CTI,P,2023-06-04T17:57:06.780000Z,2
23,VARN,P,2023-06-04T17:57:06.980000Z,2
23,AGOR,P,2023-06-04T17:57:09.030000Z,2
23,ZIAN,P,2023-06-04T17:57:10.100000Z,2
23,PANI,P,2023-06-04T17:57:10.980000Z,2
23,CAE,P,2023-06-04T17:57:11.390000Z,3
23,DOSS,P,2023-06-04T17:57:13.220000Z,2
23,AGOR,S,2023-06-04T17:57:13.260000Z,2
23,KOSI,P,2023-06-04T17:57:14.410000Z,2
23,ZIAN,S,2023-06-04T17:57:14.810000Z,3
23,LUSI,P,2023-06-04T17:57:16.080000Z,2
23,PANI,S,2023-06-04T17:57:16.260000Z,2
23,CAE,S,2023-06-04T17:57:17.250000Z,2
23,DOSS,S,2023-06-04T17:57:20.400000Z,3
23,CTI,S,2023-06-04T17:58:31.700000Z,0
23,VARN,S,2023-06-04T17:58:36.900000Z,2
24,BOO,P,2023-06-05T08:28:03.340000Z,0
24,GEPF,P,2023-06-05T08:28:03.700000Z,2
24,FUSE,P,2023-06-05T08:28:04.900000Z,1
24,BAD,P,2023-06-05T08:28:04.970000Z,0
24,VINO,P,2023-06-05T08:28:05.220000Z,2
24,CLUD,P,2023-06-05T08:28:06.500000Z,2
24,BOO,S,2023-06-05T08:28:40.500000Z,0
24,GEPF,S,2023-06-05T08:28:47.100000Z,2
24,FUSE,S,2023-06-05T08:29:09.500000Z,2
24,BAD,S,2023-06-05T08:29:10.700000Z,0
24,VINO,S,2023-06-05T08:29:17.600000Z,2
24,CLUD,S,2023-06-05T08:29:38.200000Z,0
25,LUSI,P,2023-06-05T10:03:31.500000Z,0
25,VARA,P,2023-06-05T10:03:31.780000Z,0
25,GAGG,P,2023-06-05T10:03:33.150000Z,0
25,LUSI,S,2023-06-05T10:03:33.360000Z,0
25,DOSS,P,2023-06-05T10:03:33.390000Z,0
25,VARA,S,2023-06-05T10:03:33.710000Z,0
25,MAGA,P,2023-06-05T10:03:33.870000Z,1
25,MABI,P,2023-06-05T10:03:35.060000Z,2
25,PANI,P,2023-06-05T10:03:35.630000Z,0
25,GAGG,S,2023-06-05T10:03:36.230000Z,2
25,DOSS,S,2023-06-05T10:03:36.590000Z,3
25,MAGA,S,2023-06-05T10:03:37.480000Z,2
25,MABI,S,2023-06-05T10:03:39.700000Z,2
25,PANI,S,2023-06-05T10:03:40.890000Z,3
26,GORS,P,2023-06-05T15:36:24.760000Z,2
26,VOJS,P,2023-06-05T15:36:27.140000Z,2
26,GORS,S,2023-06-05T15:36:28.800000Z,2
26,VOJS,S,2023-06-05T15:36:33.530000Z,3
27,MLN,P,2023-06-05T18:20:45.410000Z,0
27,STAL,P,2023-06-05T18:20:46.210000Z,0
27,MLN,S,2023-06-05T18:20:47.010000Z,0
27,CIMO,P,2023-06-05T18:20:47.220000Z,0
27,CAE,P,2023-06-05T18:20:47.890000Z,2
27,STAL,S,2023-06-05T18:20:48.350000Z,0
27,PURA,P,2023-06-05T18:20:48.610000Z,2
27,CIMO,S,2023-06-05T18:20:50.230000Z,2
27,CAE,S,2023-06-05T18:20:51.150000Z,3
27,PURA,S,2023-06-05T18:20:52.790000Z,0
28,MLN,P,2023-06-05T21:00:01.260000Z,0
28,STAL,P,2023-06-05T21:00:02.060000Z,1
28,CIMO,P,2023-06-05T21:00:03.050000Z,2
28,POLC,P,2023-06-05T21:00:03.090000Z,0
28,CAE,P,2023-06-05T21:00:03.510000Z,2
28,PURA,P,2023-06-05T21:00:04.460000Z,0
28,CLUD,P,2023-06-05T21:00:05.850000Z,3
28,BOO,P,2023-06-05T21:00:06.700000Z,3
28,GEPF,P,2023-06-05T21:00:06.920000Z,3
28,VARN,P,2023-06-05T21:00:07.060000Z,3
28,FVI,P,2023-06-05T21:00:07.780000Z,3
28,PLRO,P,2023-06-05T21:00:09.730000Z,3
28,ABTA,P,2023-06-05T21:00:09.810000Z,4
28,PTCC,P,2023-06-05T21:00:10.400000Z,3
28,CLUD,S,2023-06-05T21:00:11.410000Z,3
28,BOO,S,2023-06-05T21:00:12.270000Z,3
28,CTI,P,2023-06-05T21:00:12.790000Z,3
28,GEPF,S,2023-06-05T21:00:12.940000Z,3
28,VARN,S,2023-06-05T21:00:13.160000Z,3
28,ACOM,P,2023-06-05T21:00:13.770000Z,3
28,ZIAN,P,2023-06-05T21:00:13.770000Z,3
28,FVI,S,2023-06-05T21:00:14.390000Z,3
28,PANI,P,2023-06-05T21:00:16.790000Z,3
28,PLRO,S,2023-06-05T21:00:17.470000Z,2
28,ABTA,S,2023-06-05T21:00:18.740000Z,3
28,PTCC,S,2023-06-05T21:00:18.850000Z,2
28,CTI,S,2023-06-05T21:00:22.600000Z,3
28,ACOM,S,2023-06-05T21:00:24.080000Z,3
28,MLN,S,2023-06-05T21:00:27.800000Z,1
28,PANI,S,2023-06-05T21:00:29.360000Z,3
28,STAL,S,2023-06-05T21:00:43.500000Z,2
28,POLC,S,2023-06-05T21:00:58.300000Z,2
28,CIMO,S,2023-06-05T21:01:01.500000Z,2
28,CAE,S,2023-06-05T21:01:11.700000Z,3
28,PURA,S,2023-06-05T21:01:28.000000Z,2
29,FUSE,P,2023-06-06T00:55:22.910000Z,0
29,BOO,P,2023-06-06T00:55:22.990000Z,2
29,CLUD,P,2023-06-06T00:55:24.120000Z,2
29,FUSE,S,2023-06-06T00:55:24.440000Z,2
29,PLRO,P,2023-06-06T00:55:24.550000Z,2
29,BOO,S,2023-06-06T00:55:24.770000Z,2
29,BAD,P,2023-06-06T00:55:24.790000Z,2
29,PTCC,P,2023-06-06T00:55:24.820000Z,1
29,VINO,P,2023-06-06T00:55:24.870000Z,2
29,PURA,P,2023-06-06T00:55:25.550000Z,2
29,CLUD,S,2023-06-06T00:55:26.730000Z,2
29,PLRO,S,2023-06-06T00:55:27.410000Z,0
29,BAD,S,2023-06-06T00:55:27.960000Z,0
29,VINO,S,2023-06-06T00:55:28.010000Z,2
29,PTCC,S,2023-06-06T00:55:28.020000Z,2
29,PURA,S,2023-06-06T00:55:29.450000Z,2
30,VINO,P,2023-06-06T07:42:07.830000Z,0
30,BAD,P,2023-06-06T07:42:08.250000Z,0
30,ROBS,P,2023-06-06T07:42:08.820000Z,2
30,PTCC,P,2023-06-06T07:42:09.180000Z,1
30,DRE,P,2023-06-06T07:42:10.690000Z,2
30,ROBS,S,2023-06-06T07:42:10.700000Z,2
30,PTCC,S,2023-06-06T07:42:11.430000Z,2
30,DRE,S,2023-06-06T07:42:14.350000Z,2
30,VINO,S,2023-06-06T07:43:30.700000Z,0
30,BAD,S,2023-06-06T07:43:39.000000Z,0
31,VOJS,P,2023-06-06T08:46:32.910000Z,0
32,SABO,P,2023-06-06T09:10:10.880000Z,0
32,VOJS,P,2023-06-06T09:10:12.130000Z,2
33,VOJS,P,2023-06-07T12:44:59.310000Z,2
33,VOJS,S,2023-06-07T12:45:04.330000Z,3
34,TRI,P,2023-06-08T09:25:50.890000Z,0
34,TRI,S,2023-06-08T09:25:53.560000Z,2
34,SABO,P,2023-06-08T09:25:55.280000Z,2
35,TRI,P,2023-06-08T09:40:31.760000Z,2
35,TRI,S,2023-06-08T09:40:34.720000Z,2
35,VOJS,P,2023-06-08T09:40:37.370000Z,2
35,VOJS,S,2023-06-08T09:40:44.700000Z,3
36,PANI,P,2023-06-08T15:15:23.580000Z,2
36,PANI,S,2023-06-08T15:15:25.570000Z,2
37,PANI,P,2023-06-08T15:19:16.630000Z,1
37,GAGG,P,2023-06-08T15:19:17.150000Z,0
37,LUSI,P,2023-06-08T15:19:18.660000Z,0
37,DOSS,P,2023-06-08T15:19:18.660000Z,1
37,KOSI,P,2023-06-08T15:19:20.880000Z,1
37,ABSI,P,2023-06-08T15:19:25.480000Z,1
38,PANI,P,2023-06-08T15:34:38.080000Z,0
38,GAGG,P,2023-06-08T15:34:38.500000Z,0
38,LUSI,P,2023-06-08T15:34:40.030000Z,1
38,DOSS,P,2023-06-08T15:34:40.290000Z,1
38,KOSI,P,2023-06-08T15:34:42.140000Z,0
38,MABI,P,2023-06-08T15:34:44.270000Z,0
38,ABSI,P,2023-06-08T15:34:46.740000Z,2
39,PANI,P,2023-06-08T16:01:56.630000Z,0
39,GAGG,P,2023-06-08T16:01:57.160000Z,1
39,LUSI,P,2023-06-08T16:01:58.660000Z,1
39,DOSS,P,2023-06-08T16:01:58.870000Z,0
39,OZOL,P,2023-06-08T16:01:59.060000Z,3
39,ZIAN,P,2023-06-08T16:01:59.580000Z,1
39,KOSI,P,2023-06-08T16:02:00.670000Z,1
39,MABI,P,2023-06-08T16:02:02.890000Z,2
39,MAGA,P,2023-06-08T16:02:04.490000Z,2
39,ABSI,P,2023-06-08T16:02:05.210000Z,2
40,PRED,P,2023-06-09T00:43:26.520000Z,2
40,PRED,S,2023-06-09T00:43:28.800000Z,2
40,ROBS,P,2023-06-09T00:43:28.910000Z,0
40,CADS,P,2023-06-09T00:43:29.160000Z,1
40,GORS,P,2023-06-09T00:43:29.690000Z,3
40,VINO,P,2023-06-09T00:43:31.510000Z,0
40,CADS,S,2023-06-09T00:43:32.360000Z,2
40,ROBS,S,2023-06-09T00:43:33.080000Z,2
40,GORS,S,2023-06-09T00:43:33.580000Z,2
40,VINO,S,2023-06-09T00:43:36.260000Z,1
41,DST2,P,2023-06-09T08:06:35.940000Z,2
41,TRI,P,2023-06-09T08:06:37.040000Z,2
42,VOJS,P,2023-06-09T10:10:10.360000Z,1
42,CADS,P,2023-06-09T10:10:14.020000Z,0
42,DRE,P,2023-06-09T10:10:14.370000Z,0
43,MAGA,P,2023-06-09T10:13:12.120000Z,2
43,MARN,P,2023-06-09T10:13:12.650000Z,2
43,VARA,P,2023-06-09T10:13:12.740000Z,3
43,DOSS,P,2023-06-09T10:13:15.030000Z,2
43,LUSI,P,2023-06-09T10:13:15.370000Z,2
43,MAGA,S,2023-06-09T10:13:16.880000Z,3
43,VARA,S,2023-06-09T10:13:17.080000Z,2
43,MARN,S,2023-06-09T10:13:17.090000Z,3
43,DOSS,S,2023-06-09T10:13:21.210000Z,2
43,LUSI,S,2023-06-09T10:13:21.800000Z,2
45,VOJS,P,2023-06-09T11:28:58.020000Z,0
45,DRE,P,2023-06-09T11:29:01.450000Z,2
45,VOJS,S,2023-06-09T11:29:01.950000Z,2
45,CADS,P,2023-06-09T11:29:01.950000Z,2
45,DRE,S,2023-06-09T11:30:17.200000Z,2
45,CADS,S,2023-06-09T11:30:25.000000Z,2
46,VINO,P,2023-06-09T11:33:43.220000Z,0
46,BAD,P,2023-06-09T11:33:43.710000Z,2
46,VINO,S,2023-06-09T11:33:44.530000Z,2
46,BAD,S,2023-06-09T11:33:45.370000Z,0
46,ROBS,P,2023-06-09T11:33:46.050000Z,0
47,SABO,P,2023-06-09T11:59:18.020000Z,0
47,DRE,P,2023-06-09T11:59:18.940000Z,0
47,VOJS,P,2023-06-09T11:59:20.100000Z,0
47,CADS,P,2023-06-09T11:59:20.470000Z,0
47,ROBS,P,2023-06-09T11:59:20.790000Z,0
47,BAD,P,2023-06-09T11:59:23.160000Z,1
47,VINO,P,2023-06-09T11:59:23.250000Z,2
47,GORS,P,2023-06-09T11:59:23.700000Z,0
47,PRED,P,2023-06-09T11:59:24.190000Z,0
48,CARE,P,2023-06-09T14:19:16.400000Z,1
48,OZOL,P,2023-06-09T14:19:16.760000Z,2
48,CARE,S,2023-06-09T14:19:18.320000Z,0
48,OZOL,S,2023-06-09T14:19:19.180000Z,2
48,GAGG,P,2023-06-09T14:19:19.310000Z,0
48,MOSI,P,2023-06-09T14:19:20.020000Z,0
48,KOSI,P,2023-06-09T14:19:20.990000Z,0
48,RONC,P,2023-06-09T14:19:21.500000Z,2
48,GAGG,S,2023-06-09T14:19:23.870000Z,2
48,MOSI,S,2023-06-09T14:19:24.420000Z,2
48,RONC,S,2023-06-09T14:19:27.160000Z,2
49,LUSI,P,2023-06-09T17:32:22.280000Z,0
49,LUSI,S,2023-06-09T17:32:23.020000Z,1
49,GAGG,P,2023-06-09T17:32:23.700000Z,1
49,VARA,P,2023-06-09T17:32:25.080000Z,2
49,GAGG,S,2023-06-09T17:32:25.500000Z,0
49,DOSS,P,2023-06-09T17:32:25.540000Z,3
49,VARA,S,2023-06-09T17:32:27.180000Z,2
49,DOSS,S,2023-06-09T17:32:28.440000Z,2
50,AGOR,P,2023-06-10T03:34:10.260000Z,1
50,VARN,P,2023-06-10T03:34:11.160000Z,0
50,CIMO,P,2023-06-10T03:34:11.320000Z,0
50,CAE,P,2023-06-10T03:34:12.190000Z,2
50,AGOR,S,2023-06-10T03:34:12.540000Z,2
50,POLC,P,2023-06-10T03:34:12.640000Z,2
50,MLN,P,2023-06-10T03:34:12.820000Z,2
50,STAL,P,2023-06-10T03:34:14.210000Z,3
50,VARN,S,2023-06-10T03:34:14.290000Z,2
50,CTI,P,2023-06-10T03:34:14.510000Z,2
50,CIMO,S,2023-06-10T03:34:14.610000Z,2
50,CAE,S,2023-06-10T03:34:16.010000Z,2
50,POLC,S,2023-06-10T03:34:16.770000Z,2
50,MLN,S,2023-06-10T03:34:17.440000Z,2
50,CTI,S,2023-06-10T03:34:20.460000Z,3
52,TRI,P,2023-06-11T07:45:59.210000Z,0
52,DST2,P,2023-06-11T07:46:00.300000Z,0
52,SABO,P,2023-06-11T07:46:04.910000Z,0
52,VOJS,P,2023-06-11T07:46:05.020000Z,2
53,MPRI,P,2023-06-11T21:30:25.750000Z,0
53,BOO,P,2023-06-11T21:30:26.420000Z,1
53,FUSE,P,2023-06-11T21:30:26.590000Z,2
53,MPRI,S,2023-06-11T21:30:27.160000Z,2
53,GEPF,P,2023-06-11T21:30:27.200000Z,2
53,CLUD,P,2023-06-11T21:30:27.210000Z,0
53,STAL,P,2023-06-11T21:30:27.260000Z,0
53,PURA,P,2023-06-11T21:30:27.600000Z,0
53,BOO,S,2023-06-11T21:30:28.510000Z,2
53,BAD,P,2023-06-11T21:30:28.540000Z,0
53,FUSE,S,2023-06-11T21:30:28.620000Z,2
53,VINO,P,2023-06-11T21:30:28.850000Z,2
53,MLN,P,2023-06-11T21:30:29.590000Z,1
53,CLUD,S,2023-06-11T21:30:29.780000Z,0
53,PLRO,P,2023-06-11T21:30:29.840000Z,2
53,PTCC,P,2023-06-11T21:30:29.890000Z,2
53,STAL,S,2023-06-11T21:30:30.030000Z,2
53,GEPF,S,2023-06-11T21:30:30.160000Z,2
53,CIMO,P,2023-06-11T21:30:30.490000Z,2
53,PURA,S,2023-06-11T21:30:30.530000Z,2
53,ROBS,P,2023-06-11T21:30:31.710000Z,2
53,BAD,S,2023-06-11T21:30:32.310000Z,2
53,POLC,P,2023-06-11T21:30:32.390000Z,2
53,PRED,P,2023-06-11T21:30:32.790000Z,2
53,CAE,P,2023-06-11T21:30:32.960000Z,2
53,VINO,S,2023-06-11T21:30:32.970000Z,2
53,ACOM,P,2023-06-11T21:30:33.330000Z,2
53,MLN,S,2023-06-11T21:30:33.870000Z,2
53,PLRO,S,2023-06-11T21:30:34.220000Z,2
53,ABTA,P,2023-06-11T21:30:34.270000Z,2
53,CADS,P,2023-06-11T21:30:34.660000Z,3
53,PTCC,S,2023-06-11T21:30:34.800000Z,2
53,SABO,P,2023-06-11T21:30:35.110000Z,3
53,CIMO,S,2023-06-11T21:30:35.350000Z,3
53,GORS,P,2023-06-11T21:30:38.220000Z,2
53,ROBS,S,2023-06-11T21:30:38.550000Z,2
53,PRED,S,2023-06-11T21:30:40.160000Z,2
53,ACOM,S,2023-06-11T21:30:40.670000Z,2
53,ABTA,S,2023-06-11T21:30:41.970000Z,2
53,CADS,S,2023-06-11T21:30:43.390000Z,2
53,SABO,S,2023-06-11T21:30:43.960000Z,3
54,BOO,P,2023-06-11T23:30:42.490000Z,1
54,FUSE,P,2023-06-11T23:30:42.580000Z,2
54,MPRI,P,2023-06-11T23:30:42.960000Z,0
54,CLUD,P,2023-06-11T23:30:43.440000Z,0
54,BOO,S,2023-06-11T23:30:44.290000Z,2
54,FUSE,S,2023-06-11T23:30:44.320000Z,2
54,PURA,P,2023-06-11T23:30:44.350000Z,2
54,MPRI,S,2023-06-11T23:30:44.760000Z,2
54,CLUD,S,2023-06-11T23:30:45.910000Z,2
54,PURA,S,2023-06-11T23:30:47.470000Z,1
55,VOJS,P,2023-06-12T08:28:20.030000Z,2
55,VOJS,S,2023-06-12T08:28:22.820000Z,2
55,SABO,P,2023-06-12T08:28:23.030000Z,2
55,DRE,P,2023-06-12T08:28:24.400000Z,1
55,SABO,S,2023-06-12T08:28:27.370000Z,1
55,DRE,S,2023-06-12T08:28:29.920000Z,1
58,PANI,P,2023-06-12T10:04:37.510000Z,0
58,GAGG,P,2023-06-12T10:04:37.940000Z,0
58,LUSI,P,2023-06-12T10:04:39.490000Z,1
58,DOSS,P,2023-06-12T10:04:39.710000Z,0
59,VOJS,P,2023-06-12T11:18:45.130000Z,1
60,ABTA,P,2023-06-12T19:18:57.820000Z,1
60,CIMO,P,2023-06-12T19:18:58.830000Z,1
60,PURA,P,2023-06-12T19:19:00.640000Z,2
60,ABTA,S,2023-06-12T19:19:01.880000Z,2
60,CLUD,P,2023-06-12T19:19:02.390000Z,2
60,ZIAN,P,2023-06-12T19:19:02.600000Z,0
60,KOSI,P,2023-06-12T19:19:03.310000Z,0
60,VARN,P,2023-06-12T19:19:03.640000Z,0
60,ABSI,P,2023-06-12T19:19:03.760000Z,0
60,CIMO,S,2023-06-12T19:19:03.840000Z,2
60,CTI,P,2023-06-12T19:19:04.840000Z,2
60,PLRO,P,2023-06-12T19:19:04.970000Z,2
60,OZOL,P,2023-06-12T19:19:07.560000Z,0
60,PANI,P,2023-06-12T19:19:07.570000Z,0
60,ACOM,P,2023-06-12T19:19:09.510000Z,2
60,KBA,P,2023-06-12T19:19:10.020000Z,2
60,ZIAN,S,2023-06-12T19:19:10.110000Z,3
60,GAGG,P,2023-06-12T19:19:11.080000Z,0
60,DOSS,P,2023-06-12T19:19:11.210000Z,1
60,KOSI,S,2023-06-12T19:19:11.310000Z,0
60,LUSI,P,2023-06-12T19:19:12.540000Z,1
60,ABSI,S,2023-06-12T19:19:12.540000Z,2
60,VARN,S,2023-06-12T19:19:12.610000Z,3
60,CTI,S,2023-06-12T19:19:14.170000Z,3
60,PLRO,S,2023-06-12T19:19:15.060000Z,3
60,PANI,S,2023-06-12T19:19:18.710000Z,3
60,OZOL,S,2023-06-12T19:19:18.970000Z,3
60,PURA,S,2023-06-12T19:20:08.500000Z,3
60,CLUD,S,2023-06-12T19:20:33.600000Z,2
61,PRED,P,2023-06-13T06:31:09.520000Z,0
61,CADS,P,2023-06-13T06:31:10.550000Z,0
61,ROBS,P,2023-06-13T06:31:10.820000Z,0
61,PRED,S,2023-06-13T06:31:11.330000Z,2
61,DRE,P,2023-06-13T06:31:11.360000Z,0
61,ACOM,P,2023-06-13T06:31:11.420000Z,0
61,PTCC,P,2023-06-13T06:31:11.810000Z,0
61,GORS,P,2023-06-13T06:31:11.860000Z,0
61,MYKA,P,2023-06-13T06:31:12.540000Z,1
61,VINO,P,2023-06-13T06:31:12.940000Z,0
61,CADS,S,2023-06-13T06:31:13.140000Z,2
61,BAD,P,2023-06-13T06:31:13.490000Z,2
61,ROBS,S,2023-06-13T06:31:13.750000Z,2
61,VOJS,P,2023-06-13T06:31:14.380000Z,2
61,DRE,S,2023-06-13T06:31:14.740000Z,2
61,ACOM,S,2023-06-13T06:31:14.800000Z,0
61,PLRO,P,2023-06-13T06:31:14.940000Z,2
61,SABO,P,2023-06-13T06:31:14.940000Z,0
61,PTCC,S,2023-06-13T06:31:15.390000Z,1
61,GORS,S,2023-06-13T06:31:15.590000Z,1
61,MYKA,S,2023-06-13T06:31:16.370000Z,2
61,MPRI,P,2023-06-13T06:31:16.890000Z,3
61,VINO,S,2023-06-13T06:31:17.680000Z,2
61,CLUD,P,2023-06-13T06:31:18.070000Z,3
61,BAD,S,2023-06-13T06:31:19.080000Z,2
61,VOJS,S,2023-06-13T06:31:20.430000Z,2
61,SABO,S,2023-06-13T06:31:20.640000Z,2
61,PLRO,S,2023-06-13T06:31:20.840000Z,0
61,MPRI,S,2023-06-13T06:31:24.050000Z,3
61,CLUD,S,2023-06-13T06:31:26.190000Z,2
62,BRMO,P,2023-06-13T10:47:38.270000Z,0
62,MOSI,P,2023-06-13T10:47:38.750000Z,1
62,BRMO,S,2023-06-13T10:47:39.630000Z,2
62,CARE,P,2023-06-13T10:47:40.400000Z,0
62,MOSI,S,2023-06-13T10:47:40.560000Z,2
62,CARE,S,2023-06-13T10:47:43.180000Z,2
63,BALD,P,2023-06-13T17:17:08.250000Z,2
63,MARN,P,2023-06-13T17:17:08.440000Z,0
63,MAGA,P,2023-06-13T17:17:09.860000Z,2
63,VARA,P,2023-06-13T17:17:10.650000Z,1
63,DOSS,P,2023-06-13T17:17:12.150000Z,0
63,LUSI,P,2023-06-13T17:17:12.950000Z,0
63,RONC,P,2023-06-13T17:17:13.490000Z,1
63,MABI,P,2023-06-13T17:17:14.980000Z,2
63,GAGG,P,2023-06-13T17:17:15.080000Z,0
63,PANI,P,2023-06-13T17:17:15.580000Z,0
63,MARN,S,2023-06-13T17:17:16.830000Z,3
63,VARN,P,2023-06-13T17:17:19.510000Z,2
63,MAGA,S,2023-06-13T17:17:19.800000Z,2
63,ZIAN,P,2023-06-13T17:17:19.930000Z,2
63,OZOL,P,2023-06-13T17:17:20.280000Z,0
63,VARA,S,2023-06-13T17:17:21.040000Z,3
63,KOSI,P,2023-06-13T17:17:22.040000Z,0
63,DOSS,S,2023-06-13T17:17:23.620000Z,3
63,LUSI,S,2023-06-13T17:17:24.860000Z,3
63,ABSI,P,2023-06-13T17:17:25.430000Z,3
63,RONC,S,2023-06-13T17:17:25.900000Z,3
63,GAGG,S,2023-06-13T17:17:28.450000Z,3
63,MABI,S,2023-06-13T17:17:28.520000Z,2
63,PANI,S,2023-06-13T17:17:29.710000Z,2
64,SABO,P,2023-06-14T00:33:49.130000Z,0
64,VOJS,P,2023-06-14T00:33:49.500000Z,0
64,DRE,P,2023-06-14T00:33:49.660000Z,0
64,CADS,P,2023-06-14T00:33:50.330000Z,0
64,SABO,S,2023-06-14T00:33:51.120000Z,2
64,ROBS,P,2023-06-14T00:33:51.350000Z,2
64,VOJS,S,2023-06-14T00:33:51.890000Z,2
64,DRE,S,2023-06-14T00:33:52.160000Z,2
64,GORS,P,2023-06-14T00:33:52.990000Z,2
64,CADS,S,2023-06-14T00:33:53.370000Z,2
64,ROBS,S,2023-06-14T00:33:55.370000Z,2
64,GORS,S,2023-06-14T00:33:58.310000Z,3
65,PURA,P,2023-06-14T05:11:25.510000Z,0
65,PURA,S,2023-06-14T05:11:26.560000Z,2
65,CLUD,P,2023-06-14T05:11:26.690000Z,2
65,STAL,P,2023-06-14T05:11:28.260000Z,0
65,FUSE,P,2023-06-14T05:11:28.410000Z,2
65,CIMO,P,2023-06-14T05:11:28.540000Z,2
65,CLUD,S,2023-06-14T05:11:28.780000Z,2
65,PLRO,P,2023-06-14T05:11:30.440000Z,2
65,STAL,S,2023-06-14T05:11:31.640000Z,3
65,FUSE,S,2023-06-14T05:11:31.880000Z,2
65,CIMO,S,2023-06-14T05:11:32.160000Z,2
65,PLRO,S,2023-06-14T05:11:35.540000Z,2
66,MYKA,P,2023-06-14T06:29:20.750000Z,0
66,MYKA,S,2023-06-14T06:29:21.900000Z,0
66,ACOM,P,2023-06-14T06:29:23.300000Z,0
66,ACOM,S,2023-06-14T06:29:26.390000Z,2
66,PTCC,P,2023-06-14T06:29:26.910000Z,0
66,PLRO,P,2023-06-14T06:29:27.470000Z,2
66,PTCC,S,2023-06-14T06:29:31.830000Z,2
67,TRI,P,2023-06-14T08:41:55.080000Z,0
67,DST2,P,2023-06-14T08:41:56.070000Z,1
67,TRI,S,2023-06-14T08:41:57.760000Z,3
67,SABO,P,2023-06-14T08:42:00.370000Z,0
67,VOJS,P,2023-06-14T08:42:01.850000Z,0
67,SABO,S,2023-06-14T08:42:58.800000Z,3
67,VOJS,S,2023-06-14T08:43:28.700000Z,3
68,VOJS,P,2023-06-14T08:57:52.470000Z,1
69,DST2,P,2023-06-14T09:18:19.260000Z,2
69,DST2,S,2023-06-14T09:18:20.880000Z,2
69,SABO,P,2023-06-14T09:18:23.740000Z,2
69,SABO,S,2023-06-14T09:18:29.020000Z,3
70,PANI,P,2023-06-14T10:04:56.910000Z,0
70,GAGG,P,2023-06-14T10:04:57.520000Z,0
70,OZOL,P,2023-06-14T10:04:58.270000Z,0
70,ZIAN,P,2023-06-14T10:04:58.850000Z,0
70,LUSI,P,2023-06-14T10:04:59.190000Z,0
70,DOSS,P,2023-06-14T10:04:59.540000Z,0
70,KOSI,P,2023-06-14T10:04:59.600000Z,0
70,CTI,P,2023-06-14T10:05:00.120000Z,0
70,MABI,P,2023-06-14T10:05:03.000000Z,2
70,ABSI,P,2023-06-14T10:05:04.250000Z,2
71,CLUD,P,2023-06-14T10:20:10.030000Z,0
71,FUSE,P,2023-06-14T10:20:10.160000Z,0
71,BOO,P,2023-06-14T10:20:11.180000Z,2
71,MPRI,P,2023-06-14T10:20:11.390000Z,0
71,STAL,P,2023-06-14T10:20:11.650000Z,0
71,CLUD,S,2023-06-14T10:20:11.860000Z,1
71,FUSE,S,2023-06-14T10:20:12.140000Z,0
71,PLRO,P,2023-06-14T10:20:12.770000Z,2
71,BOO,S,2023-06-14T10:20:14.020000Z,2
71,MPRI,S,2023-06-14T10:20:14.480000Z,2
71,STAL,S,2023-06-14T10:20:14.850000Z,2
71,PLRO,S,2023-06-14T10:20:16.610000Z,2
72,MYKA,P,2023-06-14T10:28:02.540000Z,1
72,ACOM,P,2023-06-14T10:28:04.180000Z,0
72,PRED,P,2023-06-14T10:28:05.550000Z,0
72,PTCC,P,2023-06-14T10:28:07.250000Z,0
72,PLRO,P,2023-06-14T10:28:08.310000Z,0
72,ROBS,P,2023-06-14T10:28:09.230000Z,0
72,GORS,P,2023-06-14T10:28:09.730000Z,0
72,CADS,P,2023-06-14T10:28:09.800000Z,0
72,VINO,P,2023-06-14T10:28:10.260000Z,0
72,BAD,P,2023-06-14T10:28:10.910000Z,0
73,PANI,P,2023-06-14T10:35:33.090000Z,0
73,GAGG,P,2023-06-14T10:35:33.830000Z,0
73,LUSI,P,2023-06-14T10:35:35.280000Z,0
73,DOSS,P,2023-06-14T10:35:35.380000Z,0
73,ZIAN,P,2023-06-14T10:35:36.340000Z,0
74,SABO,P,2023-06-14T11:59:35.760000Z,0
74,DRE,P,2023-06-14T11:59:36.630000Z,0
74,VOJS,P,2023-06-14T11:59:37.830000Z,0
74,CADS,P,2023-06-14T11:59:38.130000Z,0
74,VINO,P,2023-06-14T11:59:40.970000Z,0
75,DOSS,P,2023-06-15T00:41:10.750000Z,2
75,VARA,P,2023-06-15T00:41:11.260000Z,0
75,MARN,P,2023-06-15T00:41:11.600000Z,0
75,LUSI,P,2023-06-15T00:41:12.100000Z,0
75,BALD,P,2023-06-15T00:41:12.410000Z,0
75,DOSS,S,2023-06-15T00:41:12.840000Z,2
75,VARA,S,2023-06-15T00:41:13.540000Z,2
75,GAGG,P,2023-06-15T00:41:14.120000Z,0
75,MARN,S,2023-06-15T00:41:14.180000Z,0
75,PANI,P,2023-06-15T00:41:14.190000Z,0
75,RONC,P,2023-06-15T00:41:15.080000Z,0
75,LUSI,S,2023-06-15T00:41:15.130000Z,2
75,BALD,S,2023-06-15T00:41:15.830000Z,2
75,CTI,P,2023-06-15T00:41:16.820000Z,0
75,PANI,S,2023-06-15T00:41:18.370000Z,2
75,GAGG,S,2023-06-15T00:41:18.720000Z,2
75,OZOL,P,2023-06-15T00:41:19.680000Z,2
75,RONC,S,2023-06-15T00:41:20.820000Z,2
75,KOSI,P,2023-06-15T00:41:21.330000Z,0
75,CTI,S,2023-06-15T00:41:23.230000Z,2
75,ABSI,P,2023-06-15T00:41:25.760000Z,3
76,VOJS,P,2023-06-15T08:57:26.980000Z,2
76,CADS,P,2023-06-15T08:57:29.360000Z,2
76,SABO,P,2023-06-15T08:57:30.570000Z,2
77,SABO,P,2023-06-16T10:03:16.220000Z,3
77,VOJS,P,2023-06-16T10:03:19.430000Z,0
77,DRE,P,2023-06-16T10:03:19.860000Z,0
77,CADS,P,2023-06-16T10:03:21.360000Z,0
77,ROBS,P,2023-06-16T10:03:22.060000Z,0
78,VOJS,P,2023-06-16T14:38:48.460000Z,1
79,MYKA,P,2023-06-16T21:16:23.630000Z,0
79,ACOM,P,2023-06-16T21:16:25.290000Z,0
79,MYKA,S,2023-06-16T21:16:25.310000Z,1
79,PRED,P,2023-06-16T21:16:26.040000Z,0
79,ACOM,S,2023-06-16T21:16:28.200000Z,2
79,PLRO,P,2023-06-16T21:16:29.150000Z,0
79,ROBS,P,2023-06-16T21:16:29.340000Z,0
79,PRED,S,2023-06-16T21:16:29.580000Z,2
79,PLRO,S,2023-06-16T21:16:35.080000Z,2
79,ROBS,S,2023-06-16T21:16:35.650000Z,2
80,MYKA,P,2023-06-18T03:46:52.540000Z,0
80,MYKA,S,2023-06-18T03:46:54.220000Z,2
80,ACOM,P,2023-06-18T03:46:54.620000Z,2
80,PRED,P,2023-06-18T03:46:54.920000Z,0
80,ACOM,S,2023-06-18T03:46:57.060000Z,2
80,PTCC,P,2023-06-18T03:46:57.130000Z,0
80,GORS,P,2023-06-18T03:46:57.640000Z,0
80,PRED,S,2023-06-18T03:46:58.440000Z,2
80,PTCC,S,2023-06-18T03:47:01.970000Z,1
80,GORS,S,2023-06-18T03:47:02.990000Z,2
81,ROBS,P,2023-06-18T06:16:46.990000Z,0
81,DRE,P,2023-06-18T06:16:48.070000Z,0
81,VINO,P,2023-06-18T06:16:48.130000Z,0
81,BAD,P,2023-06-18T06:16:48.470000Z,0
81,ROBS,S,2023-06-18T06:16:48.550000Z,1
81,CADS,P,2023-06-18T06:16:48.830000Z,0
81,PTCC,P,2023-06-18T06:16:48.960000Z,0
81,PRED,P,2023-06-18T06:16:49.430000Z,0
81,SABO,P,2023-06-18T06:16:50.340000Z,0
81,BOO,P,2023-06-18T06:16:50.460000Z,2
81,DRE,S,2023-06-18T06:16:50.670000Z,2
81,VINO,S,2023-06-18T06:16:50.760000Z,1
81,BAD,S,2023-06-18T06:16:51.470000Z,2
81,PTCC,S,2023-06-18T06:16:52.320000Z,2
81,PRED,S,2023-06-18T06:16:53.190000Z,0
81,SABO,S,2023-06-18T06:16:54.370000Z,3
81,BOO,S,2023-06-18T06:16:54.470000Z,1
83,GORS,P,2023-06-18T12:07:42.430000Z,2
83,MYKA,P,2023-06-18T12:07:44.130000Z,2
83,CADS,P,2023-06-18T12:07:45.440000Z,2
83,GORS,S,2023-06-18T12:07:46.160000Z,2
83,MYKA,S,2023-06-18T12:07:48.050000Z,4
83,CADS,S,2023-06-18T12:07:51.310000Z,2
84,BOO,P,2023-06-19T00:23:30.260000Z,0
84,FUSE,P,2023-06-19T00:23:30.450000Z,2
84,MPRI,P,2023-06-19T00:23:31.530000Z,0
84,BOO,S,2023-06-19T00:23:31.770000Z,2
84,FUSE,S,2023-06-19T00:23:32.120000Z,2
84,MPRI,S,2023-06-19T00:23:34.080000Z,3
85,BRMO,P,2023-06-19T10:12:39.670000Z,0
85,MOSI,P,2023-06-19T10:12:40.650000Z,0
85,CARE,P,2023-06-19T10:12:40.920000Z,0
85,BRMO,S,2023-06-19T10:12:41.030000Z,1
85,MOSI,S,2023-06-19T10:12:42.800000Z,2
85,CARE,S,2023-06-19T10:12:43.140000Z,2
86,VOJS,P,2023-06-19T11:59:09.570000Z,0
86,VOJS,S,2023-06-19T11:59:19.240000Z,1
87,VOJS,P,2023-06-19T12:38:20.920000Z,0
88,MYKA,P,2023-06-19T12:49:42.410000Z,2
88,MYKA,S,2023-06-19T12:49:44.180000Z,2
88,ACOM,P,2023-06-19T12:49:45.250000Z,2
88,ACOM,S,2023-06-19T12:49:47.810000Z,2
88,PLRO,P,2023-06-19T12:49:49.370000Z,2
88,PLRO,S,2023-06-19T12:49:54.930000Z,3
89,PRED,P,2023-06-19T22:04:19.720000Z,0
89,CADS,P,2023-06-19T22:04:20.740000Z,0
89,ROBS,P,2023-06-19T22:04:21.020000Z,0
89,DRE,P,2023-06-19T22:04:21.560000Z,0
89,PRED,S,2023-06-19T22:04:21.570000Z,2
89,PTCC,P,2023-06-19T22:04:21.870000Z,0
89,ACOM,P,2023-06-19T22:04:21.900000Z,2
89,GORS,P,2023-06-19T22:04:22.140000Z,2
89,MYKA,P,2023-06-19T22:04:22.690000Z,2
89,VINO,P,2023-06-19T22:04:23.140000Z,2
89,CADS,S,2023-06-19T22:04:23.560000Z,2
89,ROBS,S,2023-06-19T22:04:23.920000Z,2
89,BAD,P,2023-06-19T22:04:23.930000Z,2
89,VOJS,P,2023-06-19T22:04:24.620000Z,2
89,DRE,S,2023-06-19T22:04:24.800000Z,2
89,ACOM,S,2023-06-19T22:04:25.140000Z,2
89,SABO,P,2023-06-19T22:04:25.240000Z,3
89,PTCC,S,2023-06-19T22:04:25.600000Z,2
89,PLRO,P,2023-06-19T22:04:25.670000Z,2
89,GORS,S,2023-06-19T22:04:25.810000Z,2
89,MYKA,S,2023-06-19T22:04:26.490000Z,2
89,MPRI,P,2023-06-19T22:04:27.230000Z,2
89,VINO,S,2023-06-19T22:04:27.960000Z,2
89,BAD,S,2023-06-19T22:04:29.120000Z,2
89,VOJS,S,2023-06-19T22:04:30.420000Z,2
89,SABO,S,2023-06-19T22:04:30.940000Z,3
89,PLRO,S,2023-06-19T22:04:31.750000Z,2
89,MPRI,S,2023-06-19T22:04:34.150000Z,3
90,VINO,P,2023-06-19T23:49:07.780000Z,0
90,BAD,P,2023-06-19T23:49:08.270000Z,0
90,ROBS,P,2023-06-19T23:49:08.960000Z,0
90,GEPF,P,2023-06-19T23:49:09.350000Z,1
90,PTCC,P,2023-06-19T23:49:09.490000Z,0
90,BOO,P,2023-06-19T23:49:09.890000Z,0
90,DRE,P,2023-06-19T23:49:11.110000Z,1
90,MPRI,P,2023-06-19T23:49:11.140000Z,0
90,PRED,P,2023-06-19T23:49:11.250000Z,2
90,ROBS,S,2023-06-19T23:49:11.480000Z,3
90,GEPF,S,2023-06-19T23:49:11.670000Z,2
90,PTCC,S,2023-06-19T23:49:11.940000Z,0
90,CADS,P,2023-06-19T23:49:12.020000Z,2
90,BOO,S,2023-06-19T23:49:12.640000Z,2
90,PLRO,P,2023-06-19T23:49:12.750000Z,2
90,SABO,P,2023-06-19T23:49:13.280000Z,0
90,VOJS,P,2023-06-19T23:49:14.960000Z,2
90,DRE,S,2023-06-19T23:49:14.980000Z,2
90,PRED,S,2023-06-19T23:49:15.060000Z,0
90,MPRI,S,2023-06-19T23:49:15.140000Z,2
90,GORS,P,2023-06-19T23:49:15.260000Z,2
90,CADS,S,2023-06-19T23:49:16.390000Z,2
90,PLRO,S,2023-06-19T23:49:17.350000Z,2
90,SABO,S,2023-06-19T23:49:18.410000Z,3
90,VOJS,S,2023-06-19T23:49:22.390000Z,3
90,VINO,S,2023-06-19T23:50:27.300000Z,1
90,BAD,S,2023-06-19T23:50:36.600000Z,2
91,PRED,P,2023-06-20T00:08:19.410000Z,0
91,CADS,P,2023-06-20T00:08:20.430000Z,0
91,ROBS,P,2023-06-20T00:08:20.690000Z,0
91,PRED,S,2023-06-20T00:08:21.130000Z,2
91,DRE,P,2023-06-20T00:08:21.270000Z,0
91,ACOM,P,2023-06-20T00:08:21.350000Z,1
91,PTCC,P,2023-06-20T00:08:21.720000Z,0
91,GORS,P,2023-06-20T00:08:21.750000Z,0
91,VINO,P,2023-06-20T00:08:22.870000Z,1
91,CADS,S,2023-06-20T00:08:23.220000Z,1
91,ROBS,S,2023-06-20T00:08:23.590000Z,2
91,VOJS,P,2023-06-20T00:08:24.330000Z,2
91,ACOM,S,2023-06-20T00:08:24.510000Z,0
91,DRE,S,2023-06-20T00:08:24.710000Z,0
91,PTCC,S,2023-06-20T00:08:25.170000Z,2
91,GORS,S,2023-06-20T00:08:25.480000Z,0
91,VINO,S,2023-06-20T00:08:27.380000Z,2
91,VOJS,S,2023-06-20T00:08:30.220000Z,0
92,PRED,P,2023-06-20T03:40:33.070000Z,2
92,CADS,P,2023-06-20T03:40:33.990000Z,2
92,PRED,S,2023-06-20T03:40:34.700000Z,2
92,DRE,P,2023-06-20T03:40:34.890000Z,2
92,GORS,P,2023-06-20T03:40:35.510000Z,2
92,CADS,S,2023-06-20T03:40:36.760000Z,2
92,DRE,S,2023-06-20T03:40:38.070000Z,2
92,GORS,S,2023-06-20T03:40:39.100000Z,2
93,TRI,P,2023-06-20T09:16:32.430000Z,0
95,SABO,P,2023-06-21T11:59:27.870000Z,0
95,DRE,P,2023-06-21T11:59:28.740000Z,0
95,VOJS,P,2023-06-21T11:59:29.890000Z,0
95,CADS,P,2023-06-21T11:59:30.130000Z,0
95,ROBS,P,2023-06-21T11:59:30.780000Z,0
95,VINO,P,2023-06-21T11:59:32.750000Z,0
95,BAD,P,2023-06-21T11:59:33.040000Z,0
96,ROBS,P,2023-06-21T14:18:23.830000Z,1
96,PRED,P,2023-06-21T14:18:24.640000Z,2
96,CADS,P,2023-06-21T14:18:24.880000Z,2
96,DRE,P,2023-06-21T14:18:24.990000Z,0
96,VINO,P,2023-06-21T14:18:26.310000Z,0
96,PRED,S,2023-06-21T14:18:26.740000Z,2
96,ACOM,P,2023-06-21T14:18:26.770000Z,0
96,BAD,P,2023-06-21T14:18:26.970000Z,2
96,CADS,S,2023-06-21T14:18:27.090000Z,2
96,DRE,S,2023-06-21T14:18:27.550000Z,2
96,GORS,P,2023-06-21T14:18:27.620000Z,2
96,VOJS,P,2023-06-21T14:18:28.780000Z,2
96,VINO,S,2023-06-21T14:18:29.950000Z,2
96,ACOM,S,2023-06-21T14:18:30.580000Z,2
96,BAD,S,2023-06-21T14:18:30.940000Z,2
96,GORS,S,2023-06-21T14:18:31.700000Z,2
96,VOJS,S,2023-06-21T14:18:34.120000Z,3
97,STAL,P,2023-06-22T05:17:54.300000Z,0
97,PURA,P,2023-06-22T05:17:54.930000Z,0
97,CIMO,P,2023-06-22T05:17:55.560000Z,2
97,MLN,P,2023-06-22T05:17:55.900000Z,2
97,STAL,S,2023-06-22T05:17:56.330000Z,0
97,PURA,S,2023-06-22T05:17:57.430000Z,2
97,CIMO,S,2023-06-22T05:17:58.010000Z,2
97,MLN,S,2023-06-22T05:17:58.930000Z,0
98,VOJS,P,2023-06-22T07:15:17.870000Z,0
98,GORS,P,2023-06-22T07:15:18.870000Z,2
98,DRE,P,2023-06-22T07:15:21.300000Z,0
98,SABO,P,2023-06-22T07:15:21.410000Z,2
98,VOJS,S,2023-06-22T07:15:21.790000Z,2
98,GORS,S,2023-06-22T07:15:23.570000Z,3
98,DRE,S,2023-06-22T07:15:27.470000Z,2
98,SABO,S,2023-06-22T07:15:28.360000Z,0
100,TRI,P,2023-06-22T09:03:56.700000Z,0
100,DST2,P,2023-06-22T09:03:57.820000Z,0
101,PURA,P,2023-06-22T13:30:15.450000Z,2
101,STAL,P,2023-06-22T13:30:15.500000Z,2
101,CLUD,P,2023-06-22T13:30:15.560000Z,2
101,MPRI,P,2023-06-22T13:30:15.630000Z,0
101,FUSE,P,2023-06-22T13:30:15.670000Z,2
101,BOO,P,2023-06-22T13:30:16.270000Z,2
101,PURA,S,2023-06-22T13:30:17.490000Z,2
101,STAL,S,2023-06-22T13:30:17.610000Z,2
101,FUSE,S,2023-06-22T13:30:17.660000Z,2
101,CLUD,S,2023-06-22T13:30:17.690000Z,1
101,MPRI,S,2023-06-22T13:30:17.910000Z,2
101,CIMO,P,2023-06-22T13:30:17.970000Z,1
101,BAD,P,2023-06-22T13:30:18.570000Z,1
101,PLRO,P,2023-06-22T13:30:18.850000Z,1
101,BOO,S,2023-06-22T13:30:18.860000Z,2
101,CIMO,S,2023-06-22T13:30:22.330000Z,2
101,BAD,S,2023-06-22T13:30:22.950000Z,3
101,PLRO,S,2023-06-22T13:30:23.350000Z,2
102,STAL,P,2023-06-22T14:59:48.640000Z,0
102,PURA,P,2023-06-22T14:59:49.210000Z,2
102,CIMO,P,2023-06-22T14:59:49.250000Z,0
102,MLN,P,2023-06-22T14:59:50.140000Z,0
102,STAL,S,2023-06-22T14:59:50.430000Z,2
102,CIMO,S,2023-06-22T14:59:51.160000Z,2
102,PURA,S,2023-06-22T14:59:51.190000Z,2
102,MLN,S,2023-06-22T14:59:53.220000Z,2
103,PANI,P,2023-06-22T15:16:33.170000Z,0
103,GAGG,P,2023-06-22T15:16:33.710000Z,0
103,LUSI,P,2023-06-22T15:16:35.170000Z,0
103,DOSS,P,2023-06-22T15:16:35.350000Z,0
103,OZOL,P,2023-06-22T15:16:36.000000Z,1
103,ZIAN,P,2023-06-22T15:16:36.280000Z,0
103,VARA,P,2023-06-22T15:16:37.660000Z,2
104,FUSE,P,2023-06-22T18:52:24.240000Z,1
104,CLUD,P,2023-06-22T18:52:25.000000Z,2
104,BOO,P,2023-06-22T18:52:25.410000Z,3
104,FUSE,S,2023-06-22T18:52:26.030000Z,2
104,PLRO,P,2023-06-22T18:52:26.290000Z,0
104,PURA,P,2023-06-22T18:52:26.570000Z,2
104,CLUD,S,2023-06-22T18:52:26.910000Z,2
104,BOO,S,2023-06-22T18:52:27.640000Z,2
104,PLRO,S,2023-06-22T18:52:29.210000Z,2
104,PURA,S,2023-06-22T18:52:29.700000Z,2
105,CAE,P,2023-06-23T05:21:50.300000Z,0
105,POLC,P,2023-06-23T05:21:51.190000Z,0
105,CAE,S,2023-06-23T05:21:51.900000Z,2
105,VARN,P,2023-06-23T05:21:52.240000Z,0
105,MLN,P,2023-06-23T05:21:52.820000Z,0
105,POLC,S,2023-06-23T05:21:53.420000Z,2
105,CIMO,P,2023-06-23T05:21:53.750000Z,0
105,AGOR,P,2023-06-23T05:21:54.610000Z,1
105,STAL,P,2023-06-23T05:21:54.840000Z,2
105,VARN,S,2023-06-23T05:21:55.310000Z,1
105,MLN,S,2023-06-23T05:21:56.500000Z,3
105,PURA,P,2023-06-23T05:21:57.400000Z,3
105,CTI,P,2023-06-23T05:21:57.440000Z,3
105,MPRI,P,2023-06-23T05:21:57.900000Z,2
105,CIMO,S,2023-06-23T05:21:58.420000Z,2
105,CLUD,P,2023-06-23T05:21:59.010000Z,2
105,FUSE,P,2023-06-23T05:21:59.490000Z,3
105,ZIAN,P,2023-06-23T05:21:59.580000Z,2
105,GEPF,P,2023-06-23T05:21:59.660000Z,3
105,BOO,P,2023-06-23T05:21:59.660000Z,2
105,AGOR,S,2023-06-23T05:21:59.750000Z,2
105,STAL,S,2023-06-23T05:22:00.090000Z,2
105,BAD,P,2023-06-23T05:22:00.620000Z,2
105,VINO,P,2023-06-23T05:22:01.000000Z,2
105,PANI,P,2023-06-23T05:22:02.250000Z,2
105,PLRO,P,2023-06-23T05:22:02.690000Z,3
105,PTCC,P,2023-06-23T05:22:02.880000Z,3
105,KOSI,P,2023-06-23T05:22:03.520000Z,3
105,DOSS,P,2023-06-23T05:22:04.160000Z,2
105,SABO,P,2023-06-23T05:22:05.080000Z,3
105,CTI,S,2023-06-23T05:22:05.390000Z,3
105,DRE,P,2023-06-23T05:22:05.740000Z,2
105,MARN,P,2023-06-23T05:22:05.750000Z,2
105,CLUD,S,2023-06-23T05:22:07.700000Z,3
105,FUSE,S,2023-06-23T05:22:08.000000Z,2
105,GEPF,S,2023-06-23T05:22:08.050000Z,3
105,BOO,S,2023-06-23T05:22:08.840000Z,2
105,VINO,S,2023-06-23T05:22:10.330000Z,2
105,BAD,S,2023-06-23T05:22:10.500000Z,3
105,PANI,S,2023-06-23T05:22:12.380000Z,3
106,CAE,P,2023-06-23T05:27:53.550000Z,2
106,POLC,P,2023-06-23T05:27:54.410000Z,2
106,CAE,S,2023-06-23T05:27:54.940000Z,1
106,VARN,P,2023-06-23T05:27:55.630000Z,1
106,POLC,S,2023-06-23T05:27:56.530000Z,2
106,STAL,P,2023-06-23T05:27:58.410000Z,2
106,VARN,S,2023-06-23T05:27:58.490000Z,2
106,STAL,S,2023-06-23T05:28:04.120000Z,2
107,BRMO,P,2023-06-23T05:38:19.490000Z,2
107,MOSI,P,2023-06-23T05:38:19.980000Z,0
107,BRMO,S,2023-06-23T05:38:20.900000Z,2
107,CARE,P,2023-06-23T05:38:21.670000Z,2
107,MOSI,S,2023-06-23T05:38:21.720000Z,2
107,CARE,S,2023-06-23T05:38:24.360000Z,2
108,CTI,P,2023-06-23T06:58:16.340000Z,3
108,CTI,S,2023-06-23T06:58:18.670000Z,2
108,DOSS,P,2023-06-23T06:58:18.880000Z,3
108,DOSS,S,2023-06-23T06:58:24.360000Z,2
109,VOJS,P,2023-06-23T08:38:35.190000Z,2
110,GORS,P,2023-06-23T10:33:20.250000Z,2
110,VOJS,P,2023-06-23T10:33:23.390000Z,2
110,CADS,P,2023-06-23T10:33:23.810000Z,2
110,GORS,S,2023-06-23T10:33:24.920000Z,3
110,DRE,P,2023-06-23T10:33:25.270000Z,2
110,ACOM,P,2023-06-23T10:33:27.110000Z,3
110,VOJS,S,2023-06-23T10:33:30.750000Z,2
110,CADS,S,2023-06-23T10:33:31.550000Z,3
110,DRE,S,2023-06-23T10:33:34.180000Z,3
110,ACOM,S,2023-06-23T10:33:37.030000Z,2
111,CAE,P,2023-06-24T12:57:56.740000Z,1
111,POLC,P,2023-06-24T12:57:57.580000Z,0
111,CAE,S,2023-06-24T12:57:58.210000Z,2
111,VARN,P,2023-06-24T12:57:58.600000Z,0
111,MLN,P,2023-06-24T12:57:59.320000Z,0
111,POLC,S,2023-06-24T12:57:59.790000Z,2
111,CIMO,P,2023-06-24T12:58:00.150000Z,0
111,STAL,P,2023-06-24T12:58:01.500000Z,0
111,VARN,S,2023-06-24T12:58:01.610000Z,2
111,MLN,S,2023-06-24T12:58:03.220000Z,3
111,CLUD,P,2023-06-24T12:58:05.430000Z,2
111,BOO,P,2023-06-24T12:58:05.920000Z,2
111,ZIAN,P,2023-06-24T12:58:06.260000Z,2
111,VINO,P,2023-06-24T12:58:07.670000Z,3
111,CLUD,S,2023-06-24T12:58:13.660000Z,3
111,BOO,S,2023-06-24T12:58:14.880000Z,2
111,ZIAN,S,2023-06-24T12:58:15.110000Z,3
111,VINO,S,2023-06-24T12:58:17.830000Z,3
111,CIMO,S,2023-06-24T12:58:49.900000Z,2
111,STAL,S,2023-06-24T12:59:08.300000Z,3
112,PURA,P,2023-06-24T15:34:18.930000Z,0
112,CIMO,P,2023-06-24T15:34:20.120000Z,0
112,CLUD,P,2023-06-24T15:34:20.490000Z,2
112,STAL,P,2023-06-24T15:34:20.490000Z,2
112,PURA,S,2023-06-24T15:34:20.790000Z,2
112,CIMO,S,2023-06-24T15:34:22.930000Z,2
112,ABTA,P,2023-06-24T15:34:23.000000Z,1
112,CLUD,S,2023-06-24T15:34:23.420000Z,2
112,STAL,S,2023-06-24T15:34:23.710000Z,0
112,ABTA,S,2023-06-24T15:34:27.350000Z,2
115,BAD,P,2023-06-26T03:04:17.530000Z,1
115,BOO,P,2023-06-26T03:04:17.660000Z,2
115,PTCC,P,2023-06-26T03:04:18.400000Z,2
115,VINO,P,2023-06-26T03:04:18.570000Z,0
115,PTCC,S,2023-06-26T03:04:20.160000Z,2
115,BOO,S,2023-06-26T03:04:20.260000Z,3
115,BAD,S,2023-06-26T03:04:20.310000Z,3
115,VINO,S,2023-06-26T03:04:20.450000Z,2
115,PLRO,P,2023-06-26T03:04:20.680000Z,2
115,PRED,P,2023-06-26T03:04:20.920000Z,2
115,PLRO,S,2023-06-26T03:04:24.220000Z,2
115,PRED,S,2023-06-26T03:04:24.720000Z,2
116,PANI,P,2023-06-26T10:05:09.390000Z,0
116,GAGG,P,2023-06-26T10:05:10.010000Z,0
116,OZOL,P,2023-06-26T10:05:10.930000Z,1
116,ZIAN,P,2023-06-26T10:05:11.320000Z,0
116,VARN,P,2023-06-26T10:05:19.070000Z,1
117,PANI,P,2023-06-26T10:09:59.040000Z,1
117,GAGG,P,2023-06-26T10:09:59.520000Z,0
117,LUSI,P,2023-06-26T10:10:01.090000Z,0
117,DOSS,P,2023-06-26T10:10:01.280000Z,0
118,CADS,P,2023-06-26T15:55:30.690000Z,2
118,GORS,P,2023-06-26T15:55:32.190000Z,2
118,CADS,S,2023-06-26T15:55:32.280000Z,3
118,DRE,P,2023-06-26T15:55:32.770000Z,2
118,GORS,S,2023-06-26T15:55:34.190000Z,2
118,VOJS,P,2023-06-26T15:55:34.780000Z,0
118,PRED,P,2023-06-26T15:55:35.340000Z,2
118,DRE,S,2023-06-26T15:55:35.450000Z,2
118,VOJS,S,2023-06-26T15:55:38.110000Z,0
118,PRED,S,2023-06-26T15:55:39.280000Z,2
119,ROBS,P,2023-06-27T00:56:29.230000Z,0
119,VINO,P,2023-06-27T00:56:29.570000Z,2
119,PTCC,P,2023-06-27T00:56:29.940000Z,2
119,BAD,P,2023-06-27T00:56:30.090000Z,0
119,DRE,P,2023-06-27T00:56:30.610000Z,0
119,PRED,P,2023-06-27T00:56:30.760000Z,1
119,ROBS,S,2023-06-27T00:56:30.850000Z,1
119,CADS,P,2023-06-27T00:56:31.280000Z,0
119,VINO,S,2023-06-27T00:56:31.970000Z,1
119,PTCC,S,2023-06-27T00:56:32.480000Z,0
119,BAD,S,2023-06-27T00:56:32.900000Z,0
119,DRE,S,2023-06-27T00:56:33.850000Z,2
119,PRED,S,2023-06-27T00:56:34.030000Z,2
119,CADS,S,2023-06-27T00:56:34.950000Z,1
120,VOJS,P,2023-06-27T01:11:58.750000Z,2
120,VOJS,S,2023-06-27T01:12:04.240000Z,2
121,RAVA,P,2023-06-27T01:38:01.490000Z,0
121,MARN,P,2023-06-27T01:38:13.390000Z,2
121,VARA,P,2023-06-27T01:38:17.840000Z,3
121,DOSS,P,2023-06-27T01:38:18.070000Z,2
121,MAGA,P,2023-06-27T01:38:18.410000Z,3
121,LUSI,P,2023-06-27T01:38:19.970000Z,3
121,PANI,P,2023-06-27T01:38:20.790000Z,2
121,VARN,P,2023-06-27T01:38:20.970000Z,3
121,GAGG,P,2023-06-27T01:38:21.780000Z,3
121,ZIAN,P,2023-06-27T01:38:24.100000Z,2
121,MARN,S,2023-06-27T01:38:26.040000Z,3
121,VARA,S,2023-06-27T01:38:33.220000Z,3
121,MAGA,S,2023-06-27T01:38:33.750000Z,3
121,LUSI,S,2023-06-27T01:38:36.160000Z,2
121,PANI,S,2023-06-27T01:38:37.510000Z,3
121,GAGG,S,2023-06-27T01:38:39.340000Z,2
121,RAVA,S,2023-06-27T01:38:55.500000Z,2
122,BRMO,P,2023-06-27T09:42:27.510000Z,0
122,MOSI,P,2023-06-27T09:42:28.040000Z,0
122,BRMO,S,2023-06-27T09:42:28.950000Z,2
122,CARE,P,2023-06-27T09:42:29.700000Z,2
122,MOSI,S,2023-06-27T09:42:29.830000Z,2
122,CARE,S,2023-06-27T09:42:32.160000Z,2
122,FETA,P,2023-06-27T09:42:35.500000Z,2
123,VOJS,P,2023-06-27T10:15:09.980000Z,0
124,BRMO,P,2023-06-27T10:17:17.830000Z,0
124,MOSI,P,2023-06-27T10:17:18.370000Z,2
124,BRMO,S,2023-06-27T10:17:19.270000Z,0
124,CARE,P,2023-06-27T10:17:20.040000Z,1
124,MOSI,S,2023-06-27T10:17:20.230000Z,2
124,CARE,S,2023-06-27T10:17:22.600000Z,0
124,OZOL,P,2023-06-27T10:17:24.400000Z,2
124,MABI,P,2023-06-27T10:17:25.130000Z,0
124,FETA,P,2023-06-27T10:17:26.050000Z,2
124,OZOL,S,2023-06-27T10:17:30.060000Z,0
124,MABI,S,2023-06-27T10:17:31.310000Z,2
125,PANI,P,2023-06-27T10:46:39.900000Z,1
125,GAGG,P,2023-06-27T10:46:40.450000Z,0
125,LUSI,P,2023-06-27T10:46:41.940000Z,0
125,DOSS,P,2023-06-27T10:46:42.110000Z,0
125,ZIAN,P,2023-06-27T10:46:42.940000Z,0
126,GORS,P,2023-06-27T22:35:11.290000Z,0
126,VOJS,P,2023-06-27T22:35:11.870000Z,1
126,CADS,P,2023-06-27T22:35:13.640000Z,3
126,GORS,S,2023-06-27T22:35:15.100000Z,2
126,VOJS,S,2023-06-27T22:35:15.610000Z,0
126,CADS,S,2023-06-27T22:35:18.500000Z,0
127,FUSE,P,2023-06-28T01:24:23.710000Z,0
127,BOO,P,2023-06-28T01:24:24.200000Z,2
127,GEPF,P,2023-06-28T01:24:25.120000Z,0
127,FUSE,S,2023-06-28T01:24:25.260000Z,2
127,PLRO,P,2023-06-28T01:24:26.000000Z,2
127,BOO,S,2023-06-28T01:24:26.110000Z,1
127,BAD,P,2023-06-28T01:24:26.430000Z,3
127,VINO,P,2023-06-28T01:24:26.440000Z,0
127,PTCC,P,2023-06-28T01:24:26.620000Z,0
127,GEPF,S,2023-06-28T01:24:27.610000Z,0
127,PLRO,S,2023-06-28T01:24:29.430000Z,1
127,BAD,S,2023-06-28T01:24:29.830000Z,0
127,VINO,S,2023-06-28T01:24:30.120000Z,2
127,PTCC,S,2023-06-28T01:24:30.430000Z,3
128,VOJS,P,2023-06-28T06:35:40.470000Z,2
129,MYKA,P,2023-06-28T08:32:55.240000Z,2
129,MYKA,S,2023-06-28T08:32:56.920000Z,2
129,ACOM,P,2023-06-28T08:32:57.970000Z,0
129,GORS,P,2023-06-28T08:33:00.740000Z,2
129,ACOM,S,2023-06-28T08:33:01.470000Z,2
129,PLRO,P,2023-06-28T08:33:02.210000Z,2
129,GORS,S,2023-06-28T08:34:02.500000Z,2
129,PLRO,S,2023-06-28T08:34:30.300000Z,0
130,PANI,P,2023-06-28T10:39:40.280000Z,0
130,GAGG,P,2023-06-28T10:39:41.090000Z,0
130,LUSI,P,2023-06-28T10:39:42.570000Z,0
130,DOSS,P,2023-06-28T10:39:42.660000Z,0
130,VARA,P,2023-06-28T10:39:45.060000Z,0
130,CARE,P,2023-06-28T10:39:46.460000Z,1
132,PRED,P,2023-06-28T21:00:02.800000Z,2
132,CADS,P,2023-06-28T21:00:03.740000Z,0
132,ROBS,P,2023-06-28T21:00:04.050000Z,0
132,DRE,P,2023-06-28T21:00:04.700000Z,0
132,PTCC,P,2023-06-28T21:00:05.080000Z,2
132,GORS,P,2023-06-28T21:00:05.190000Z,2
132,VOJS,P,2023-06-28T21:00:07.670000Z,2
132,VOJS,S,2023-06-28T21:00:13.560000Z,3
132,PRED,S,2023-06-28T21:00:45.400000Z,2
132,CADS,S,2023-06-28T21:01:04.500000Z,0
132,ROBS,S,2023-06-28T21:01:09.300000Z,0
132,DRE,S,2023-06-28T21:01:20.200000Z,2
132,PTCC,S,2023-06-28T21:01:26.100000Z,2
132,GORS,S,2023-06-28T21:01:28.200000Z,2
133,CAE,P,2023-06-28T23:02:58.660000Z,1
133,VARN,P,2023-06-28T23:02:59.830000Z,2
133,CAE,S,2023-06-28T23:03:00.590000Z,2
133,CIMO,P,2023-06-28T23:03:01.470000Z,1
133,VARN,S,2023-06-28T23:03:02.580000Z,2
133,CIMO,S,2023-06-28T23:03:57.100000Z,2
134,DST2,P,2023-06-29T07:58:00.980000Z,2
135,VOJS,P,2023-06-29T10:29:46.250000Z,1
135,CADS,P,2023-06-29T10:29:49.830000Z,0
136,VOJS,P,2023-06-29T10:59:02.010000Z,0
136,GORS,P,2023-06-29T10:59:03.180000Z,2
136,DRE,P,2023-06-29T10:59:05.230000Z,2
136,SABO,P,2023-06-29T10:59:05.450000Z,0
136,SABO,S,2023-06-29T10:59:11.380000Z,2
136,DRE,S,2023-06-29T10:59:12.040000Z,2
136,VOJS,S,2023-06-29T11:00:00.600000Z,0
136,GORS,S,2023-06-29T11:00:21.100000Z,3
137,PANI,P,2023-06-29T15:06:33.540000Z,0
137,GAGG,P,2023-06-29T15:06:34.120000Z,0
137,LUSI,P,2023-06-29T15:06:35.600000Z,1
137,DOSS,P,2023-06-29T15:06:35.770000Z,0
137,CARE,P,2023-06-29T15:06:39.430000Z,0
137,ABSI,P,2023-06-29T15:06:42.230000Z,0
138,PANI,P,2023-06-29T15:08:51.830000Z,0
138,GAGG,P,2023-06-29T15:08:52.340000Z,0
138,DOSS,P,2023-06-29T15:08:54.030000Z,0
138,ABSI,P,2023-06-29T15:09:00.640000Z,0
139,PANI,P,2023-06-29T15:17:43.030000Z,0
139,GAGG,P,2023-06-29T15:17:43.610000Z,0
139,LUSI,P,2023-06-29T15:17:45.080000Z,0
139,DOSS,P,2023-06-29T15:17:45.250000Z,0
139,ABSI,P,2023-06-29T15:17:51.880000Z,0
139,PANI,P,2023-06-29T15:23:15.190000Z,0
139,GAGG,P,2023-06-29T15:23:15.620000Z,0
139,LUSI,P,2023-06-29T15:23:17.110000Z,1
139,DOSS,P,2023-06-29T15:23:17.370000Z,0
140,PANI,P,2023-06-29T15:32:50.110000Z,0
140,GAGG,P,2023-06-29T15:32:50.660000Z,0
140,LUSI,P,2023-06-29T15:32:52.180000Z,0
140,DOSS,P,2023-06-29T15:32:52.310000Z,0
140,ABSI,P,2023-06-29T15:32:58.890000Z,0
141,PANI,P,2023-06-29T15:33:18.530000Z,0
141,GAGG,P,2023-06-29T15:33:19.080000Z,0
141,LUSI,P,2023-06-29T15:33:20.530000Z,0
141,DOSS,P,2023-06-29T15:33:20.710000Z,1
142,PANI,P,2023-06-29T16:07:07.820000Z,0
142,GAGG,P,2023-06-29T16:07:08.260000Z,0
142,LUSI,P,2023-06-29T16:07:09.810000Z,0
142,DOSS,P,2023-06-29T16:07:10.020000Z,0
142,OZOL,P,2023-06-29T16:07:10.480000Z,0
142,ZIAN,P,2023-06-29T16:07:10.810000Z,0
143,CADS,P,2023-06-29T19:52:58.440000Z,0
143,ROBS,P,2023-06-29T19:52:58.730000Z,0
143,DRE,P,2023-06-29T19:52:59.030000Z,0
143,PRED,P,2023-06-29T19:52:59.600000Z,2
143,CADS,S,2023-06-29T19:53:00.130000Z,1
143,ROBS,S,2023-06-29T19:53:00.680000Z,2
143,DRE,S,2023-06-29T19:53:01.120000Z,2
143,GORS,P,2023-06-29T19:53:01.240000Z,0
143,VOJS,P,2023-06-29T19:53:02.600000Z,1
143,GORS,S,2023-06-29T19:53:47.600000Z,2
143,VOJS,S,2023-06-29T19:54:11.700000Z,3
144,DST2,P,2023-06-30T01:24:12.880000Z,3
144,TRI,P,2023-06-30T01:24:13.240000Z,2
144,VOJS,P,2023-06-30T01:24:13.950000Z,2
144,SABO,P,2023-06-30T01:24:16.190000Z,2
144,GORS,P,2023-06-30T01:24:17.880000Z,2
144,DRE,P,2023-06-30T01:24:17.980000Z,2
144,CADS,P,2023-06-30T01:24:18.000000Z,2
144,DST2,S,2023-06-30T01:24:18.880000Z,2
144,TRI,S,2023-06-30T01:24:19.450000Z,2
144,ROBS,P,2023-06-30T01:24:20.180000Z,2
144,VOJS,S,2023-06-30T01:24:20.560000Z,2
145,MAGA,P,2023-06-30T06:27:09.020000Z,2
145,RONC,P,2023-06-30T06:27:11.480000Z,2
145,VARA,P,2023-06-30T06:27:13.170000Z,2
145,MAGA,S,2023-06-30T06:27:14.020000Z,0
145,LUSI,P,2023-06-30T06:27:14.070000Z,3
145,MARN,P,2023-06-30T06:27:16.270000Z,2
145,RONC,S,2023-06-30T06:27:17.890000Z,0
145,PANI,P,2023-06-30T06:27:19.920000Z,2
145,MOSI,P,2023-06-30T06:27:22.190000Z,2
145,LUSI,S,2023-06-30T06:27:23.080000Z,2
145,MARN,S,2023-06-30T06:27:25.830000Z,3
145,PANI,S,2023-06-30T06:27:31.240000Z,3
146,SABO,P,2023-06-30T07:56:37.000000Z,3
146,VOJS,P,2023-06-30T07:56:39.700000Z,2
146,DRE,P,2023-06-30T07:56:40.060000Z,0
146,SABO,S,2023-06-30T07:56:40.710000Z,3
146,ROBS,P,2023-06-30T07:56:40.920000Z,2
146,VOJS,S,2023-06-30T07:56:45.250000Z,2
146,DRE,S,2023-06-30T07:56:45.940000Z,3
147,VARN,P,2023-06-30T08:13:37.230000Z,0
147,CAE,P,2023-06-30T08:13:37.930000Z,0
147,POLC,P,2023-06-30T08:13:38.880000Z,2
147,VARN,S,2023-06-30T08:13:39.270000Z,1
147,CAE,S,2023-06-30T08:13:40.660000Z,1
147,CIMO,P,2023-06-30T08:13:40.840000Z,2
147,POLC,S,2023-06-30T08:13:42.320000Z,3
147,CIMO,S,2023-06-30T08:13:46.990000Z,3
148,SABO,P,2023-06-30T11:59:29.910000Z,0
148,DRE,P,2023-06-30T11:59:30.780000Z,0
148,VOJS,P,2023-06-30T11:59:32.030000Z,2
148,CADS,P,2023-06-30T11:59:32.300000Z,0
148,ROBS,P,2023-06-30T11:59:32.590000Z,2
148,VINO,P,2023-06-30T11:59:35.130000Z,0
