snet,station,chan,snr_thr,twin_noise,filter,c2,c3,c4,c5
OX,ACOM,HH[NE].*,auto,tproc,10.0,f2.0,10.0,3.0,-0.179196
OX,ADRI,EH[NE].*,auto,tproc,10.0,f2.0,10.0,3.0,-0.419297
OX,AFL,EH[NE].*,auto,tproc,10.0,f2.0,10.0,3.0,0.074774
OX,AGOR,HH[NE].*,auto,tproc,10.0,f2.0,10.0,3.0,0.155358
OX,BAD,HH[NE].*,auto,tproc,10.0,f2.0,10.0,3.0,0.187126
OX,BALD,HH[NE].*,auto,tproc,10.0,f2.0,10.0,3.0,-0.39381
OX,BOO,HH[NE].*,auto,tproc,10.0,f2.0,10.0,3.0,0.008745
OX,BUA,EH[NE].*,auto,tproc,10.0,f2.0,10.0,3.0,-0.056327
OX,CAE,HH[NE].*,auto,tproc,10.0,f2.0,10.0,3.0,0.103095
OX,CGRP,HH[NE].*,auto,tproc,10.0,f2.0,10.0,3.0,0.003252
OX,CIMO,HH[NE].*,auto,tproc,10.0,f2.0,10.0,3.0,0.448057
OX,CLUD,HH[NE].*,auto,tproc,10.0,f2.0,10.0,3.0,0.25821
OX,COLI,EH[NE].*,auto,tproc,10.0,f2.0,10.0,3.0,-0.177435
OX,CSM,HH[NE].*,auto,tproc,10.0,f2.0,10.0,3.0,0.112958
OX,CSO,EH[NE].*,auto,tproc,10.0,f2.0,10.0,3.0,0.276454
OX,DRE,HH[NE].*,auto,tproc,10.0,f2.0,10.0,3.0,-0.124299
EV,ED06,HH[NE].*,auto,tproc,10.0,f2.0,10.0,3.0,-0.159253
OX,FAU,SH[NE].*,auto,tproc,10.0,f2.0,10.0,3.0,0.184568
OX,FERB,HH[NE].*,auto,tproc,10.0,f2.0,10.0,3.0,0.297009
OX,FUSE,HH[NE].*,auto,tproc,10.0,f2.0,10.0,3.0,0.145603
OX,GARG,EH[NE].*,auto,tproc,10.0,f2.0,10.0,3.0,0.096966
OX,GAVI,EH[NE].*,auto,tproc,10.0,f2.0,10.0,3.0,-0.323413
OX,GAZZ,EH[NE].*,auto,tproc,10.0,f2.0,10.0,3.0,-0.327698
OX,GRDM,HH[NE].*,auto,tproc,10.0,f2.0,10.0,3.0,-0.062656
OX,IESO,EH[NE].*,auto,tproc,10.0,f2.0,10.0,3.0,-0.42396
OX,LSR,EH[NE].*,auto,tproc,10.0,f2.0,10.0,3.0,-0.12781
OX,MARN,HH[NE].*,auto,tproc,10.0,f2.0,10.0,3.0,-0.184424
OX,MLN,HH[NE].*,auto,tproc,10.0,f2.0,10.0,3.0,0.234496
OX,MPRI,HH[NE].*,auto,tproc,10.0,f2.0,10.0,3.0,0.059691
OX,MTLO,HH[NE].*,auto,tproc,10.0,f2.0,10.0,3.0,-0.269542
OX,PLRO,HH[NE].*,auto,tproc,10.0,f2.0,10.0,3.0,-0.179928
OX,PRED,HH[NE].*,auto,tproc,10.0,f2.0,10.0,3.0,0.437843
OX,QUIN,EH[NE].*,auto,tproc,10.0,f2.0,10.0,3.0,-0.153874
OX,SABO,HH[NE].*,auto,tproc,10.0,f2.0,10.0,3.0,-0.119698
OX,TEOL,SH[NE].*,auto,tproc,10.0,f2.0,10.0,3.0,-0.423062
OX,TRES,HH[NE].*,auto,tproc,10.0,f2.0,10.0,3.0,0.573288
MN,TRI,HH[NE].*,auto,tproc,10.0,f2.0,10.0,3.0,0.341873
OX,VARN,HH[NE].*,auto,tproc,10.0,f2.0,10.0,3.0,-0.124356
NI,VINO,HH[NE].*,auto,tproc,10.0,f2.0,10.0,3.0,0.253243
OX,ZOU2,HH[NE].*,auto,tproc,10.0,f2.0,10.0,3.0,0.157504
OX,ZOU,EH[NE].*,auto,tproc,10.0,f2.0,10.0,3.0,0.157504
